[{"_allAttributes":null,"_properties":null,"_methods":null,"file":"/Users/sublime200/Desktop/barcode/force-app/main/default/lwc/barCodeGenerator/barCodeGenerator.js","metadata":{"decorators":[{"type":"api","targets":[{"type":"property","name":"recordId","value":{"type":"unresolved"}}]}],"declarationLoc":{"start":{"line":13,"column":0},"end":{"line":87,"column":1}},"classMembers":[{"type":"property","name":"recordId","loc":{"start":{"line":14,"column":4},"end":{"line":14,"column":18}},"decorator":"api","value":{"type":"unresolved"}},{"type":"property","name":"packageData","loc":{"start":{"line":15,"column":4},"end":{"line":15,"column":16}}},{"type":"property","name":"barcodeValue","loc":{"start":{"line":16,"column":4},"end":{"line":16,"column":22}}},{"type":"property","name":"barcodeOptions","loc":{"start":{"line":17,"column":4},"end":{"line":17,"column":35}}},{"type":"property","name":"selectedBarcodeOption","loc":{"start":{"line":18,"column":4},"end":{"line":18,"column":51}}},{"type":"method","name":"connectedCallback","loc":{"start":{"line":20,"column":4},"end":{"line":29,"column":5}}},{"type":"method","name":"renderButtons","loc":{"start":{"line":31,"column":4},"end":{"line":33,"column":5}}},{"type":"method","name":"handleValueChange","loc":{"start":{"line":35,"column":4},"end":{"line":37,"column":5}}},{"type":"method","name":"handleBarcodeTypeChange","loc":{"start":{"line":39,"column":4},"end":{"line":41,"column":5}}},{"type":"method","name":"clearBarcode","loc":{"start":{"line":43,"column":4},"end":{"line":48,"column":5}}},{"type":"method","name":"generateBarcode","loc":{"start":{"line":50,"column":4},"end":{"line":56,"column":5}}},{"type":"method","name":"getPackageController","loc":{"start":{"line":69,"column":4},"end":{"line":85,"column":5}}}],"exports":[{"type":"ExportDefaultDeclaration"}]},"updatedAt":"2023-03-13T01:06:26.462Z"},{"_allAttributes":{"publicAttributes":[],"privateAttributes":[{"name":"data","memberType":0,"decorator":1,"location":{"uri":"file:///Users/sublime200/Desktop/barcode/force-app/main/default/lwc/packageDataTable/packageDataTable.js","range":{"start":{"line":15,"character":4},"end":{"line":15,"character":16}}},"detail":"LWC custom attribute"},{"name":"columns","memberType":0,"decorator":1,"location":{"uri":"file:///Users/sublime200/Desktop/barcode/force-app/main/default/lwc/packageDataTable/packageDataTable.js","range":{"start":{"line":16,"character":4},"end":{"line":16,"character":29}}},"detail":"LWC custom attribute"},{"name":"sort-by","memberType":0,"decorator":1,"location":{"uri":"file:///Users/sublime200/Desktop/barcode/force-app/main/default/lwc/packageDataTable/packageDataTable.js","range":{"start":{"line":17,"character":4},"end":{"line":17,"character":18}}},"detail":"LWC custom attribute"},{"name":"sort-direction","memberType":0,"decorator":1,"location":{"uri":"file:///Users/sublime200/Desktop/barcode/force-app/main/default/lwc/packageDataTable/packageDataTable.js","range":{"start":{"line":18,"character":4},"end":{"line":18,"character":25}}},"detail":"LWC custom attribute"}]},"_properties":null,"_methods":[{"type":"method","name":"contacts","loc":{"start":{"line":21,"column":4},"end":{"line":30,"column":5}},"decorator":"wire"},{"type":"method","name":"doSorting","loc":{"start":{"line":32,"column":4},"end":{"line":36,"column":5}}},{"type":"method","name":"sortData","loc":{"start":{"line":38,"column":4},"end":{"line":54,"column":5}}}],"file":"/Users/sublime200/Desktop/barcode/force-app/main/default/lwc/packageDataTable/packageDataTable.js","metadata":{"decorators":[{"type":"wire","targets":[{"name":"contacts","adapter":{"name":"getPackage","reference":"@salesforce/apex/getPackageController.getPackage"},"type":"method"}]},{"type":"track","targets":[{"name":"data","type":"property"},{"name":"columns","type":"property"},{"name":"sortBy","type":"property"},{"name":"sortDirection","type":"property"}]}],"declarationLoc":{"start":{"line":15,"column":0},"end":{"line":55,"column":1}},"classMembers":[{"type":"property","name":"data","loc":{"start":{"line":16,"column":4},"end":{"line":16,"column":16}},"decorator":"track"},{"type":"property","name":"columns","loc":{"start":{"line":17,"column":4},"end":{"line":17,"column":29}},"decorator":"track"},{"type":"property","name":"sortBy","loc":{"start":{"line":18,"column":4},"end":{"line":18,"column":18}},"decorator":"track"},{"type":"property","name":"sortDirection","loc":{"start":{"line":19,"column":4},"end":{"line":19,"column":25}},"decorator":"track"},{"type":"method","name":"contacts","loc":{"start":{"line":21,"column":4},"end":{"line":30,"column":5}},"decorator":"wire"},{"type":"method","name":"doSorting","loc":{"start":{"line":32,"column":4},"end":{"line":36,"column":5}}},{"type":"method","name":"sortData","loc":{"start":{"line":38,"column":4},"end":{"line":54,"column":5}}}],"exports":[{"type":"ExportDefaultDeclaration"}]},"updatedAt":"2023-03-11T20:18:37.044Z"},{"_allAttributes":null,"_properties":null,"_methods":null,"file":"/Users/sublime200/Desktop/barcode/force-app/main/default/lwc/qrCode/qrCode.js","metadata":{"decorators":[{"type":"api","targets":[{"type":"property","name":"recordId","value":{"type":"unresolved"}}]},{"type":"track","targets":[{"name":"barcodeValue","type":"property"},{"name":"qrValue","type":"property"},{"name":"wrapperClass","type":"property"},{"name":"isModalOpen","type":"property"},{"name":"selected","type":"property"},{"name":"selectedValues","type":"property"}]}],"declarationLoc":{"start":{"line":10,"column":0},"end":{"line":226,"column":1}},"classMembers":[{"type":"property","name":"recordId","loc":{"start":{"line":11,"column":4},"end":{"line":11,"column":18}},"decorator":"api","value":{"type":"unresolved"}},{"type":"property","name":"barcodeValue","loc":{"start":{"line":12,"column":4},"end":{"line":12,"column":29}},"decorator":"track"},{"type":"property","name":"qrValue","loc":{"start":{"line":13,"column":4},"end":{"line":13,"column":24}},"decorator":"track"},{"type":"property","name":"preValue","loc":{"start":{"line":14,"column":4},"end":{"line":14,"column":18}}},{"type":"property","name":"wrapperClass","loc":{"start":{"line":15,"column":4},"end":{"line":15,"column":29}},"decorator":"track"},{"type":"method","name":"handleClick","loc":{"start":{"line":16,"column":4},"end":{"line":36,"column":5}}},{"type":"property","name":"isModalOpen","loc":{"start":{"line":38,"column":4},"end":{"line":38,"column":31}},"decorator":"track"},{"type":"property","name":"selected","loc":{"start":{"line":39,"column":4},"end":{"line":39,"column":25}},"decorator":"track"},{"type":"property","name":"selectedValues","loc":{"start":{"line":40,"column":4},"end":{"line":40,"column":31}},"decorator":"track"},{"type":"property","name":"options","loc":{"start":{"line":41,"column":4},"end":{"line":49,"column":6}}},{"type":"method","name":"openModal","loc":{"start":{"line":51,"column":4},"end":{"line":54,"column":5}}},{"type":"method","name":"closeModal","loc":{"start":{"line":56,"column":4},"end":{"line":58,"column":5}}},{"type":"method","name":"handleChange","loc":{"start":{"line":60,"column":4},"end":{"line":62,"column":5}}},{"type":"method","name":"handleSave","loc":{"start":{"line":64,"column":4},"end":{"line":118,"column":5}}},{"type":"method","name":"renderedCallback","loc":{"start":{"line":192,"column":0},"end":{"line":194,"column":3}}},{"type":"method","name":"createPdf","loc":{"start":{"line":195,"column":2},"end":{"line":214,"column":3}}},{"type":"method","name":"saveByteArray","loc":{"start":{"line":215,"column":2},"end":{"line":222,"column":3}}}],"exports":[{"type":"ExportDefaultDeclaration"}]},"updatedAt":"2023-03-13T22:33:52.078Z"}]